Vrstni_red,Naslov,Pisatelj,Leto_izdaje,Ocena
1,The Canterbury Tales,Geoffrey Chaucer,1390,3.47
2,The Divine Comedy,Dante Alighieri,1320,4.05
3,Inferno,Dante Alighieri,1304,3.98
4,The Decameron,Giovanni Boccaccio,1348,3.86
5,Sir Gawain and the Green Knight,Unknown,1390,3.68
6,Paradiso,Dante Alighieri,1321,3.93
7,The Romance of Tristan and Iseult,Joseph Bédier,1200,3.69
8,Purgatorio,Dante Alighieri,1320,4.01
9,Troilus and Criseyde,Geoffrey Chaucer,1385,3.77
10,Canzoniere: Selected Poems,Francesco Petrarca,1374,3.89
11,The Travels of Ibn Battutah,Ibn Battuta,1355,3.87
12,Libro de Buen Amor,Juan Ruiz (Arcipreste de Hita),1330,3.57
13,The Tale of the Heike,Anonymous,1371,3.89
14,Essays in Idleness: The Tsurezuregusa of Kenko,Yoshida Kenkō,1332,3.87
15,The Saga of King Hrolf Kraki,Anonymous,1350,4.06
16,Piers Plowman,William Langland,1360,3.38
16,Outlaws of the Marsh,Shi Nai'an,1370,4.12
18,The Divan,Hāfez,1380,4.63
19,Revelations of Divine Love,Julian of Norwich,1393,3.96
20,"Petrarch's Lyric Poems: The ""Rime Sparse"" and Other Lyrics",Francesco Petrarca,1368,4.14
21,Confessio Amantis,John Gower,1390,3.60
22,"Sir Gawain and the Green Knight, Pearl, Cleanness, Patience",Unknown,1400,4.06
23,"Trionfi, Rime Estravaganti, Codice Degli Abbozzi",Francesco Petrarca,1330,4.75
24,جامع التواریخ جلد 4 فهرست ها,رشیدالدین فضل‌الله همدانی,1994,3.31
24,The Spirit of Noh: A New Translation of the Classic Noh Treatise the Fushikaden,Zeami,1400,4.08
26,Vie de Saint Louis,Jean de Joinville,1309,3.67
1,Le Morte d'Arthur: King Arthur and the Legends of the Round Table,Thomas Malory,1485,3.91
2,The Imitation of Christ,Thomas à Kempis,1418,4.18
3,The Mabinogion,Unknown,1200,3.95
4,Everyman and Other Miracle and Morality Plays,Anonymous,1490,3.29
5,The Book of the City of Ladies,Christine de Pizan,1405,3.74
6,Poems of François Villon,François Villon,1459,4.17
7,The Book of Margery Kempe,Margery Kempe,1438,3.25
8,The Treasure of the City of Ladies,Christine de Pizan,2003,3.50
9,Everyman,Anonymous,1485,3.18
10,Ditié de Jehanne d'Arc,Christine de Pizan,1429,4.00
11,Dives And Pauper,Anonymous,1410,3.50
12,Orlando Innamorato,Matteo Maria Boiardo,1487,3.83
13,Caxton: The Description of Britain: A Modern Rendering,William Caxton,1480,3.50
14,The Book of Deeds of Arms and of Chivalry,Christine de Pizan,1401,3.47
15,Het boek van Dede Korkoet,Anonymous,1500,3.77
16,Wittenwiler's Ring and Colkelbie Sow: Two Comic-Didactic Works From the 15Th Century,Heinrich Wittenwiler,1410,5.00
17,The History of Reynard the Fox,Edward Arber,1481,4.27
18,Caxton’s Book of Curtesye,William Caxton,1487,4.40
19,Blind Harry's Wallace,Blind Harry,1488,3.53
1,Romeo and Juliet,William Shakespeare,1597,3.73
2,A Midsummer Night's Dream,William Shakespeare,1596,3.94
3,The Prince,Niccolò Machiavelli,1513,3.76
4,Much Ado About Nothing,William Shakespeare,1598,4.06
5,Utopia,Thomas More,1516,3.48
6,Julius Caesar,William Shakespeare,1599,3.64
7,The Merchant of Venice,William Shakespeare,1596,3.77
8,The Taming of the Shrew,William Shakespeare,1593,3.82
9,Doctor Faustus,Christopher Marlowe,1592,3.78
10,Henry V,William Shakespeare,1599,3.85
11,Gargantua and Pantagruel,François Rabelais,1532,3.71
12,As You Like It,William Shakespeare,1599,3.82
13,Richard III,William Shakespeare,1591,3.91
14,The Complete Essays,Michel de Montaigne,1572,4.21
15,The Faerie Queene,Edmund Spenser,1590,3.54
16,Praise of Folly,Desiderius Erasmus,1511,3.88
17,"King Henry IV, Part 1",William Shakespeare,1597,3.79
18,Richard II,William Shakespeare,1595,3.74
19,The Lusiads,Luís Vaz de Camões,1572,3.98
20,La vida del lazarillo de Tormes,Anonymous,1554,3.50
21,Monkey: The Journey to the West,Wu Cheng'en,1505,4.06
22,Martin Luther's Ninety-Five Theses,Martin Luther,1517,3.81
23,"Henry IV, Part 2",William Shakespeare,1599,3.77
24,Orlando furioso,Ludovico Ariosto,1532,3.96
25,On The Revolutions of Heavenly Spheres,Nicolaus Copernicus,1543,4.06
26,"King Henry VI, Part 2",William Shakespeare,1623,3.65
27,The Lives of the Artists,Giorgio Vasari,1550,3.78
28,The Comedy of Errors,William Shakespeare,1594,3.73
29,Titus Andronicus,William Shakespeare,1589,3.71
30,The Essays,Francis Bacon,1597,3.79
31,"King Henry VI, Part 3",William Shakespeare,1623,3.75
32,A Short Account of the Destruction of the Indies,Bartolomé de las Casas,1552,3.69
33,The Life of Saint Teresa of Ávila by Herself,Teresa of Ávila,1565,4.10
34,Tamburlaine,Christopher Marlowe,1590,3.66
35,Edward II,Christopher Marlowe,1598,3.67
36,Love's Labour's Lost,William Shakespeare,1598,3.53
37,"Institutes of the Christian Religion, 2 Vols",John Calvin,1536,4.16
38,Foxe's Book of Martyrs,John Foxe,1563,4.23
39,The Heptameron,Marguerite de Navarre,1542,3.63
40,Mandragola,Niccolò Machiavelli,1518,3.57
41,The Two Gentlemen of Verona,William Shakespeare,1594,3.40
42,Jerusalem Delivered,Torquato Tasso,1581,3.80
43,The Jew of Malta,Christopher Marlowe,1589,3.59
44,The Worth of Women: Wherein Is Clearly Revealed Their Nobility and Their Superiority to Men,Moderata Fonte,1600,4.03
45,Mariken van Nieumeghen: Een mirakelspel,Unknown,1518,2.84
46,The Book of the Courtier,Baldassare Castiglione,1528,3.60
46,The Autobiography Of Benvenuto Cellini,Benvenuto Cellini,1558,3.97
48,Interior Castle,Teresa of Ávila,1588,4.20
49,King Edward III,William Shakespeare,1596,3.21
50,Auto da Barca do Inferno,Gil Vicente,1517,3.63
51,The Tragedy of Dido Queene of Carthage,Christopher Marlowe,1590,3.51
52,The Poems of St John of the Cross,Juan de la Cruz,1591,4.20
53,"Defence of Poesie, Astrophil and Stella, and Other Writings",Philip Sidney,1586,3.69
54,The Spanish Tragedy,Thomas Kyd,1592,3.53
55,"Die Luther-Bibel von 1534: Kolorierte Faksimileausgabe, 2 Bde. u. Begleitband",Stephan Füssel,1534,4.20
56,"The Baburnama: Memoirs of Babur, Prince and Emperor",Zahirud-din Muhammad Babur,1531,3.92
57,"The First Book of Common Prayer of Edward VI and the Ordinal of 1549, with the Order of the Communion, 1548, Repr. and Ed. by H.B. Walton",Henry Baskerville Walton,1549,4.00
58,King John,William Shakespeare,1595,3.30
59,The Merry Wives of Windsor,William Shakespeare,1597,3.56
60,Floridoro: A Chivalric Romance,Moderata Fonte,1581,4.67
61,Commentary on Galatians,Martin Luther,1535,4.25
61,The Discourses,Niccolò Machiavelli,1513,4.02
63,Euphues the Anatomy of Wit: Euphues & His England,John Lyly,1578,3.14
64,The Art of War,Niccolò Machiavelli,1521,4.03
65,"Henry VI, Part 1",William Shakespeare,1594,3.58
66,Zes dagen : gesprekken over het hoerenbestaan,Pietro Aretino,1534,3.54
67,Dark Night of the Soul: A Masterpiece in the Literature of Mysticism by St. John of the Cross,Juan de la Cruz,1584,4.21
68,Aminta,Torquato Tasso,1573,3.57
69,Candelaio,Giordano Bruno,1582,3.94
70,Colloquies,Desiderius Erasmus,1518,4.06
71,The Countess of Pembroke's Arcadia,Philip Sidney,1593,3.61
72,Three Books of Occult Philosophy,Cornelius Agrippa,1510,4.13
73,Fourth Book of Occult Philosophy,Cornelius Agrippa,1559,4.15
74,Declamation on the Nobility and Preeminence of the Female Sex,Cornelius Agrippa,1529,4.00
75,Adventures in the Unknown Interior of America,Álvar Núñez Cabeza de Vaca,1542,3.61
76,The Archidoxes of Magic,Paracelsus,1569,4.20
77,Astronomia Magna: Oder Die Ganze Philosophia Sagax Der Grossen Und Kleinen Welt,Paracelsus,1571,4.00
78,Planine,Petar Zoranić,1569,2.64
79,Myles Coverdale Bible (Student's Edition),First Gospel Publications,1535,4.00
80,The Complete Writings of Menno Simons,J.C. Wenger,1550,4.50
81,History of Florence and of the Affairs of Italy,Niccolò Machiavelli,1526,3.88
1,Hamlet,William Shakespeare,1602,3.99
2,Macbeth,William Shakespeare,1606,3.87
3,Don Quixote,Miguel de Cervantes Saavedra,1615,3.84
4,Paradise Lost,John Milton,1667,3.79
5,King Lear,William Shakespeare,1603,3.89
6,Othello,William Shakespeare,1603,3.87
7,The Tempest,William Shakespeare,1611,3.79
8,Julius Caesar,William Shakespeare,1599,3.64
9,The Pilgrim's Progress,John Bunyan,1678,3.96
10,Twelfth Night,William Shakespeare,1601,3.96
11,As You Like It,William Shakespeare,1599,3.82
12,Tartuffe,Molière,1664,3.66
13,Shakespeare's Sonnets,William Shakespeare,1609,4.24
14,The Misanthrope,Molière,1666,3.78
15,Doctor Faustus,Christopher Marlowe,1592,3.78
16,Holy Bible: King James Version,Anonymous,1611,4.42
17,Discourse on Method and Meditations on First Philosophy,René Descartes,1637,3.65
18,Le Malade imaginaire,Molière,1673,3.73
19,Phèdre,Jean Racine,1676,3.70
20,The Winter's Tale,William Shakespeare,1611,3.68
21,Don Juan,Molière,1665,3.67
22,L'Avare,Molière,1668,3.67
23,Le Bourgeois gentilhomme,Molière,1670,3.75
24,Perrault's Fairy Tales,Charles Perrault,1697,4.22
25,La vida es sueño,Pedro Calderón de la Barca,1636,3.97
26,Henry VIII,William Shakespeare,1613,3.58
27,Leviathan,Thomas Hobbes,1651,3.64
28,Pensées,Blaise Pascal,1669,3.96
28,Ethics,Baruch Spinoza,1677,3.98
30,Fables,Jean de La Fontaine,1625,4.01
31,The Principia: Mathematical Principles of Natural Philosophy,Isaac Newton,1686,4.18
32,An Essay Concerning Human Understanding,John Locke,1689,3.80
33,The Princesse de Clèves,Madame de La Fayette,1678,3.42
34,"Mr. William Shakespeares Comedies, Histories, and Tragedies: A Facsimile of the First Folio, 1623",William Shakespeare,1623,4.75
35,John Donne's Poetry,John Donne,2006,4.11
36,Second Treatise of Government,John Locke,1689,3.74
37,Fuenteovejuna,Lope de Vega,1618,3.52
38,Le Cid,Pierre Corneille,1637,3.62
39,The Duchess of Malfi,John Webster,1623,3.59
40,Cymbeline,William Shakespeare,1623,3.55
41,The Anatomy of Melancholy,Robert Burton,1621,4.21
42,Dialogue Concerning the Two Chief World Systems,Galileo Galilei,1632,4.08
43,'Tis Pity She's a Whore,John  Ford,1633,3.67
44,Two Treatises of Government,John Locke,1689,3.80
45,Andromaque,Jean Racine,1667,3.74
46,Maxims,François de La Rochefoucauld,1665,4.03
47,The Practice of the Presence of God,Brother Lawrence,1691,4.32
48,Areopagitica,John Milton,1644,3.82
49,The Temple: The Poetry of George Herbert,George Herbert,1633,4.10
50,El burlador de Sevilla,Tirso de Molina,1630,3.64
50,Horace,Pierre Corneille,1640,3.53
52,Oroonoko,Aphra Behn,1688,2.96
53,The School for Wives,Molière,1662,3.71
54,Volpone,Ben Jonson,1606,3.48
55,The Way of the World,William Congreve,1700,3.35
56,Los Sueños,Francisco de Quevedo,1627,3.82
57,Historia de la vida del Buscón,Francisco de Quevedo,1626,3.70
58,Simplicissimus,Hans Jakob Christoffel von Grimmelshausen,1669,3.71
59,Samson Agonistes,John Milton,1671,3.73
60,The White Devil,John Webster,1612,3.58
61,Discourse on Metaphysics,Gottfried Wilhelm Leibniz,1686,3.49
62,The Changeling,Thomas Middleton,1622,3.63
63,The New Organon,Francis Bacon,1620,3.69
63,Coriolanus,William Shakespeare,1608,3.70
65,The Narrow Road to the Deep North and Other Travel Sketches,Matsuo Bashō,1689,4.15
66,Measure for Measure,William Shakespeare,1603,3.67
67,Troilus and Cressida,William Shakespeare,1602,3.35
68,The Dog in the Manger,Lope de Vega,1618,3.77
69,Lucifer,Joost van den Vondel,1654,3.26
70,All's Well That Ends Well,William Shakespeare,1623,3.62
71,The New Atlantis,Francis Bacon,1624,3.17
72,The Country Wife,William Wycherley,1675,3.37
73,"A Mad World, My Masters",Thomas Middleton,1605,3.50
74,Cinna,Pierre Corneille,1639,3.38
75,The Revenger's Tragedy,Thomas Middleton,1606,3.66
76,Ben Jonson: Sejanus,Ben Jonson,1603,3.41
77,Bartholomew Fair,Ben Jonson,1631,3.42
78,Every Man in His Humour: Quarto Version,Ben Jonson,1600,3.08
79,The Alchemist,Ben Jonson,1612,3.58
80,El caballero de Olmedo,Lope de Vega,1620,3.53
81,"The Compleat Angler, or the Contemplative Man's Recreation",Izaak Walton,1653,3.82
82,Pericles,William Shakespeare,1606,3.40
83,Timon of Athens,William Shakespeare,1607,3.39
84,Antony and Cleopatra,William Shakespeare,1606,3.66
85,The Roaring Girl,Thomas Dekker,1611,3.45
86,Histoire comique de Francion,Charles Sorel,1623,3.35
87,Eastward Ho!,Ben Jonson,1605,3.19
88,The Conquest of New Spain,Bernal Díaz del Castillo,1632,4.07
89,The City of the Sun,Tommaso Campanella,1602,3.25
90,"The Plum in the Golden Vase or, Chin P'ing Mei: Vol. One: The Gathering",Lanling Xiaoxiao Sheng,1610,3.92
91,The Letters of a Portuguese Nun,Mariana Alcoforado,1668,3.52
92,"Of Plymouth Plantation, 1620-1647",William Bradford,1651,3.42
93,The Complete Writings of Roger Williams Volume Three: Bloudy Tenent of Persecution,Roger Williams,1644,3.89
94,A Chaste Maid in Cheapside,Thomas Middleton,1613,3.29
94,Polyeucte,Pierre Corneille,1641,3.53
96,L'Astrée,Honoré d'Urfé,1607,3.68
97,Telemachus,François Fénelon,1699,3.18
98,"The Witch of Edmonton: By William Rowley, Thomas Dekker and John Ford",William Rowley,1658,3.32
99,A Letter Concerning Toleration: Humbly Submitted,John Locke,1689,3.86
100,The Broken Heart,John  Ford,1633,3.40
1,Gulliver's Travels,Jonathan Swift,1726,3.55
2,Candide,Voltaire,1759,3.75
3,Robinson Crusoe,Daniel Defoe,1719,3.65
4,The Sorrows of Young Werther,Johann Wolfgang von Goethe,1774,3.62
5,Les Liaisons Dangereuses,Pierre-Ambroise Choderlos de Laclos,1782,4.07
6,The Constitution of the United States of America,Founding Fathers,1787,4.53
7,Songs of Innocence and of Experience,William Blake,1794,4.11
8,The Rime of the Ancient Mariner,Samuel Taylor Coleridge,1798,3.91
9,"The History of Tom Jones, a Foundling",Henry Fielding,1749,3.73
10,"Common Sense, The Rights of Man and Other Essential Writings",Thomas Paine,1776,4.11
11,Moll Flanders,Daniel Defoe,1721,3.48
12,The Decline and Fall of the Roman Empire,Edward Gibbon,1776,3.95
13,A Vindication of the Rights of Woman,Mary Wollstonecraft,1790,3.89
14,The Declaration of Independence and The Constitution of the United States,Founding Fathers,1776,4.44
15,The Autobiography of Benjamin Franklin,Benjamin Franklin,1791,3.80
16,"The Life and Opinions of Tristram Shandy, Gentleman",Laurence Sterne,1767,3.74
17,A Modest Proposal and Other Satirical Works,Jonathan Swift,1729,4.04
18,Faust: First Part,Johann Wolfgang von Goethe,1808,3.93
19,The Federalist Papers,Alexander Hamilton,1787,4.02
20,The Wealth of Nations,Adam Smith,1776,3.85
21,Jacques the Fatalist,Denis Diderot,1776,3.84
22,The Castle of Otranto,Horace Walpole,1764,3.17
23,The Marriage of Heaven and Hell,William Blake,1790,4.26
24,The Monk,Matthew Gregory Lewis,1796,3.79
25,The Social Contract,Jean-Jacques Rousseau,1762,3.74
26,Evelina,Fanny Burney,1778,3.63
27,The Rape of the Lock,Alexander Pope,1717,3.57
28,Confessions,Jean-Jacques Rousseau,1768,3.61
29,The Mysteries of Udolpho,Ann Radcliffe,1794,3.37
30,Common Sense,Thomas Paine,1776,3.95
31,"Clarissa, or, the History of a Young Lady",Samuel Richardson,1748,3.33
32,Lyrical Ballads,William Wordsworth,1798,3.92
33,Rights of Man,Thomas Paine,1791,4.01
34,The Age of Reason,Thomas Paine,1794,4.12
35,Critique of Pure Reason,Immanuel Kant,1781,3.89
36,Emile or On Education,Jean-Jacques Rousseau,1762,3.61
37,An Enquiry Concerning Human Understanding,David Hume,1748,3.89
38,"Fanny Hill, or Memoirs of a Woman of Pleasure",John Cleland,1748,3.30
39,A Journal of the Plague Year,Daniel Defoe,1722,3.54
40,"Pamela; or, Virtue Rewarded",Samuel Richardson,1740,2.75
41,The Life of Samuel Johnson,James Boswell,1790,3.90
42,The Vicar of Wakefield,Oliver Goldsmith,1766,3.46
43,Die Räuber,Friedrich Schiller,1781,3.58
44,She Stoops to Conquer,Oliver Goldsmith,1773,3.65
45,Zadig,Voltaire,1747,3.76
46,A Dictionary of the English Language: an Anthology,Samuel Johnson,1755,4.16
47,Reflections on the Revolution in France,Edmund Burke,1790,3.70
48,Wilhelm Meister's Apprenticeship,Johann Wolfgang von Goethe,1795,3.74
49,Cecilia,Fanny Burney,1782,3.73
50,The Adventures of Baron Münchausen,Rudolf Erich Raspe,1785,3.87
51,Roxana,Daniel Defoe,1724,3.44
52,School for Scandal,Richard Brinsley Sheridan,1777,3.62
53,Vathek,William Beckford,1786,3.31
54,Groundwork of the Metaphysics of Morals,Immanuel Kant,1785,3.78
55,Manon Lescaut,Abbé Prévost,1731,3.50
56,A Sentimental Journey,Laurence Sterne,1768,3.35
57,Equiano's Travels: The Interesting Narrative Of The Life Of Olaudah Equiano Or Gustavus Vassa The African,Olaudah Equiano,1789,3.69
58,L'Ingénu,Voltaire,1767,3.60
59,The Beggar's Opera,John Gay,1728,3.44
60,New Science,Giambattista Vico,1725,3.96
61,The Nun,Denis Diderot,1792,3.67
62,Notes on the State of Virginia,Thomas Jefferson,1787,3.47
63,Kabale und Liebe,Friedrich Schiller,1784,3.24
64,Joseph Andrews,Henry Fielding,1742,3.28
65,Camilla,Fanny Burney,1796,3.71
66,Don Karlos: Infant von Spanien,Friedrich Schiller,1787,3.40
67,Micromegas,Voltaire,1752,3.70
68,Le jeu de l'amour et du hasard,Pierre de Marivaux,1730,3.68
69,An Elegy Written In A Country Churchyard,Thomas Gray,1751,4.02
70,"The Female Quixote: or, the Adventures of Arabella",Charlotte Lennox,1752,3.55
71,Prolegomena to Any Future Metaphysics,Immanuel Kant,1783,3.87
72,Encyclopedie 1,Denis Diderot,1772,4.15
73,The Italian,Ann Radcliffe,1797,3.50
74,The Dream of the Red Chamber,Cao Xueqin,1754,4.04
75,The Rivals,Richard Brinsley Sheridan,1775,3.67
75,"The History of Rasselas, Prince of Abissinia",Samuel Johnson,1759,3.43
77,Paul et Virginie,Jacques-Henri Bernardin de Saint-Pierre,1787,3.80
78,The Servant of Two Masters,Carlo Goldoni,1745,3.83
79,Sinners in the Hands of an Angry God,Jonathan Edwards,1741,3.68
80,A Journey to the Western Islands of  Scotland and The Journal of a Tour to the Hebrides,Samuel Johnson,1775,3.52
81,An Essay on Criticism,Alexander Pope,1711,3.75
81,A Treatise of Human Nature,David Hume,1740,3.90
83,Principles of Human Knowledge & Three Dialogues Between Hylas and Philonous,George Berkeley,1713,3.82
84,Four Comedies,Carlo Goldoni,1750,3.92
85,The Theory of Moral Sentiments,Adam Smith,2006,4.01
86,The Expedition of Humphry Clinker,Tobias Smollett,1771,3.42
87,An Apology for the Life of Mrs. Shamela Andrews,Henry Fielding,1741,3.33
88,The Spirit of the Laws,Montesquieu,1748,3.93
89,The Adventures of Roderick Random,Tobias Smollett,1748,3.47
90,"The Mutiny on Board H.M.S. Bounty: The Captain's Account of the Mutiny and His 3,600 Mile Voyage in an Open Boat",William Bligh,1790,3.87
91,Maria Stuart,Friedrich Schiller,1800,3.46
92,The Golden Days,Cao Xueqin,1760,4.23
93,Mary & The Wrongs of Woman,Mary Wollstonecraft,1976,3.41
94,Het Wederzyds Huwelyks Bedrog : blijspel,Pieter Langendijk,1712,2.75
95,Rameau's Nephew / D'Alembert's Dream,Denis Diderot,1769,3.60
96,The Beaux' Stratagem,George Farquhar,1707,3.42
97,The Romance of the Forest,Ann Radcliffe,1791,3.46
98,Matthew Henry's Commentary on the Whole Bible: Complete and Unabridged in One Volume,Matthew Henry,1710,4.33
99,Reveries of the Solitary Walker,Jean-Jacques Rousseau,1782,3.67
100,The Lives of the Poets: Boxed Set,Samuel Johnson,1781,4.07
1,Pride and Prejudice,Jane Austen,1813,4.24
2,Jane Eyre,Charlotte Brontë,1847,4.09
3,Wuthering Heights,Emily Brontë,1847,3.80
4,The Picture of Dorian Gray,Oscar Wilde,1890,4.04
5,Crime and Punishment,Fyodor Dostoyevsky,1866,4.16
6,Frankenstein,Mary Shelley,1818,3.73
7,Alice's Adventures in Wonderland & Through the Looking-Glass,Lewis Carroll,1871,4.06
8,The Count of Monte Cristo,Alexandre Dumas,1844,4.19
9,Emma,Jane Austen,1815,3.98
10,Dracula,Bram Stoker,1897,3.96
11,Les Misérables,Victor Hugo,1862,4.12
12,Little Women,Louisa May Alcott,1868,4.02
13,Persuasion,Jane Austen,1818,4.13
14,The Adventures of Huckleberry Finn,Mark Twain,1884,3.79
15,Sense and Sensibility,Jane Austen,1811,4.05
16,Anna Karenina,Leo Tolstoy,1873,4.00
17,A Tale of Two Cities,Charles Dickens,1859,3.79
18,Great Expectations,Charles Dickens,1861,3.73
19,A Christmas Carol,Charles Dickens,1843,4.00
20,The Brothers Karamazov,Fyodor Dostoyevsky,1880,4.29
21,The Adventures of Sherlock Holmes,Arthur Conan Doyle,1892,4.29
22,War and Peace,Leo Tolstoy,1865,4.10
23,The Importance of Being Earnest,Oscar Wilde,1895,4.16
24,"Moby-Dick; or, The Whale",Herman Melville,1851,3.44
25,The Adventures of Tom Sawyer,Mark Twain,1876,3.88
26,The Scarlet Letter,Nathaniel Hawthorne,1850,3.35
27,Tess of the D'Urbervilles,Thomas Hardy,1891,3.74
28,Madame Bovary,Gustave Flaubert,1856,3.63
29,Treasure Island,Robert Louis Stevenson,1883,3.81
30,The Three Musketeers,Alexandre Dumas,1844,4.05
31,Mansfield Park,Jane Austen,1814,3.81
32,North and South,Elizabeth Gaskell,1854,4.13
33,Northanger Abbey,Jane Austen,1817,3.78
34,The Time Machine,H.G. Wells,1895,3.85
35,Oliver Twist,Charles Dickens,1838,3.83
36,The Tell-Tale Heart and Other Writings,Edgar Allan Poe,1843,4.15
37,Alice in Wonderland,Lewis Carroll,1865,4.01
38,The Complete Grimm's Fairy Tales,Jacob Grimm,1812,4.31
39,Middlemarch,George Eliot,1872,3.91
40,A Study in Scarlet,Arthur Conan Doyle,1887,4.14
41,The Wonderful Wizard of Oz,L. Frank Baum,1900,3.97
42,The Strange Case of Dr. Jekyll and Mr. Hyde,Robert Louis Stevenson,1886,3.78
43,The Hunchback of Notre-Dame,Victor Hugo,1831,3.95
44,Bleak House,Charles Dickens,1853,3.99
45,David Copperfield,Charles Dickens,1849,3.95
46,The Origin of Species,Charles Darwin,1859,3.95
47,The Idiot,Fyodor Dostoyevsky,1869,4.17
48,The Woman in White,Wilkie Collins,1859,3.97
49,Vanity Fair,William Makepeace Thackeray,1847,3.75
50,The War of the Worlds,H.G. Wells,1898,3.78
51,Leaves of Grass,Walt Whitman,1855,4.13
52,Notes from Underground,Fyodor Dostoyevsky,1864,4.15
53,Uncle Tom's Cabin,Harriet Beecher Stowe,1852,3.81
54,The Complete Fairy Tales,Hans Christian Andersen,1874,4.28
55,Twenty Thousand Leagues Under the Sea,Jules Verne,1870,3.84
56,Around the World in Eighty Days,Jules Verne,1872,3.90
57,Heidi,Johanna Spyri,1880,3.96
58,A Doll's House,Henrik Ibsen,1879,3.66
59,Faust: First Part,Johann Wolfgang von Goethe,1808,3.93
60,The Tenant of Wildfell Hall,Anne Brontë,1848,3.89
61,Black Beauty,Anna Sewell,1877,3.93
62,The Jungle Books,Rudyard Kipling,1895,3.99
63,Far from the Madding Crowd,Thomas Hardy,1874,3.89
64,The Awakening,Kate Chopin,1899,3.61
65,Villette,Charlotte Brontë,1853,3.73
66,Walden,Henry David Thoreau,1852,3.79
67,The Moonstone,Wilkie Collins,1868,3.89
68,The Communist Manifesto,Karl Marx,1848,3.49
69,The Red and the Black,Stendhal,1830,3.86
70,Les Fleurs du Mal,Charles Baudelaire,1857,4.27
71,Poems,Emily Dickinson,1830,4.24
72,The Sign of Four,Arthur Conan Doyle,1890,3.96
73,Ivanhoe,Walter Scott,1819,3.73
74,The Prince and the Pauper,Mark Twain,1881,3.83
75,Journey to the Center of the Earth,Jules Verne,1864,3.83
76,Dead Souls,Nikolai Gogol,1842,3.98
77,The Yellow Wallpaper and Other Stories,Charlotte Perkins Gilman,1892,4.00
78,A Connecticut Yankee in King Arthur's Court,Mark Twain,1889,3.73
79,Wives and Daughters,Elizabeth Gaskell,1865,4.06
80,The Turn of the Screw,Henry James,1898,3.45
81,The Portrait of a Lady,Henry James,1881,3.75
82,The Strange Case of Dr Jekyll and Mr Hyde & Weir of Hermiston,Robert Louis Stevenson,1886,3.73
83,The Mayor of Casterbridge,Thomas Hardy,1886,3.78
84,Père Goriot,Honoré de Balzac,1835,3.81
85,Three Men in a Boat,Jerome K. Jerome,1889,3.91
86,Fathers and Sons,Ivan Turgenev,1862,3.93
87,Little Dorrit,Charles Dickens,1857,3.95
88,The Island of Dr. Moreau,H.G. Wells,1896,3.71
89,Our Mutual Friend,Charles Dickens,1865,4.07
90,David Copperfield,Charles Dickens,1849,3.95
91,Pinocchio,Carlo Collodi,1883,3.84
92,The Mill on the Floss,George Eliot,1860,3.76
93,Eugene Onegin,Alexander Pushkin,1833,4.06
94,The Little Mermaid,Hans Christian Andersen,1836,4.01
95,Heart of Darkness,Joseph Conrad,1899,3.40
96,The Invisible Man,H.G. Wells,1897,3.61
97,Agnes Grey,Anne Brontë,1847,3.63
98,Cranford,Elizabeth Gaskell,1851,3.84
99,The Return of the Native,Thomas Hardy,1878,3.83
100,Germinal,Émile Zola,1885,4.07
1,To Kill a Mockingbird,Harper Lee,1960,4.24
2,1984,George Orwell,1949,4.12
3,The Lord of the Rings,J.R.R. Tolkien,1955,4.46
4,The Great Gatsby,F. Scott Fitzgerald,1925,3.87
5,Harry Potter and the Sorcerer's Stone,J.K. Rowling,1997,4.42
6,Animal Farm,George Orwell,1945,3.84
7,The Diary of a Young Girl,Anne Frank,1947,4.08
8,The Hobbit,J.R.R. Tolkien,1937,4.23
9,The Little Prince,Antoine de Saint-Exupéry,1943,4.26
10,The Catcher in the Rye,J.D. Salinger,1951,3.78
11,Fahrenheit 451,Ray Bradbury,1953,3.96
12,The Grapes of Wrath,John Steinbeck,1939,3.90
13,"The Lion, the Witch, and the Wardrobe",C.S. Lewis,1950,4.17
14,One Hundred Years of Solitude,Gabriel Garcí­a Márquez,1967,4.02
15,Brave New World,Aldous Huxley,1932,3.95
16,The Catcher in the Rye,J.D. Salinger,1951,3.78
17,Gone with the Wind,Margaret Mitchell,1936,4.27
18,Of Mice and Men,John Steinbeck,1937,3.82
19,Il signore delle mosche,William Golding,1954,3.62
20,The Giver,Lois Lowry,1993,4.12
21,Harry Potter and the Prisoner of Azkaban,J.K. Rowling,1999,4.50
22,Slaughterhouse-Five,Kurt Vonnegut,1969,4.04
23,Lolita,Vladimir Nabokov,1955,3.87
24,East of Eden,John Steinbeck,1952,4.33
25,One Flew Over the Cuckoo's Nest,Ken Kesey,1962,4.18
26,The Ultimate Hitchhiker's Guide to the Galaxy,Douglas Adams,1996,4.36
27,Memoirs of a Geisha,Arthur Golden,1997,4.06
28,The Stranger,Albert Camus,1942,3.94
29,The Handmaid's Tale,Margaret Atwood,1985,4.00
30,Charlotte's Web,E.B. White,1952,4.13
31,The Fellowship of the Ring,J.R.R. Tolkien,1954,4.32
32,A Wrinkle in Time,Madeleine L'Engle,1962,4.04
33,The Chronicles of Narnia,C.S. Lewis,1949,4.23
34,Harry Potter and the Chamber of Secrets,J.K. Rowling,1998,4.34
35,The Old Man and the Sea,Ernest Hemingway,1952,3.69
36,Ender's Game,Orson Scott Card,1985,4.29
37,The Giving Tree,Shel Silverstein,1964,4.37
38,A Tree Grows in Brooklyn,Betty  Smith,1943,4.23
39,The Return of the King,J.R.R. Tolkien,1955,4.49
40,The Two Towers,J.R.R. Tolkien,1954,4.40
41,Night,Elie Wiesel,1958,4.28
42,The Bell Jar,Sylvia Plath,1963,3.97
43,Watership Down,Richard Adams,1972,4.04
44,In Cold Blood,Truman Capote,1965,4.04
45,Atlas Shrugged,Ayn Rand,1957,3.67
46,Green Eggs and Ham,Dr. Seuss,1960,4.29
47,The Alchemist,Paulo Coelho,1988,3.79
48,The Poisonwood Bible,Barbara Kingsolver,1998,4.01
49,Love in the Time of Cholera,Gabriel Garcí­a Márquez,1985,3.88
50,Anne of Green Gables,L.M. Montgomery,1908,4.21
51,The Color Purple,Alice Walker,1982,4.15
52,The Complete Sherlock Holmes,Arthur Conan Doyle,1927,4.49
53,A Prayer for Owen Meany,John Irving,1989,4.22
54,The Stand,Stephen King,1978,4.33
55,The Unbearable Lightness of Being,Milan Kundera,1984,4.07
56,Where the Wild Things Are,Maurice Sendak,1963,4.22
57,The Metamorphosis,Franz Kafka,1915,3.76
58,The Lorax,Dr. Seuss,1971,4.35
59,Siddhartha,Hermann Hesse,1922,3.97
60,The Name of the Rose,Umberto Eco,1980,4.09
61,The Secret Garden,Frances Hodgson Burnett,1911,4.11
62,Charlie and the Chocolate Factory,Roald Dahl,1964,4.10
63,Rebecca,Daphne du Maurier,1938,4.19
64,On the Road,Jack Kerouac,1957,3.65
65,The Pillars of the Earth,Ken Follett,1989,4.28
66,The Sun Also Rises,Ernest Hemingway,1926,3.83
67,Ulysses,James Joyce,1922,3.73
68,Dune,Frank Herbert,1965,4.17
69,The Master and Margarita,Mikhail Bulgakov,1966,4.33
70,The Good Earth,Pearl S. Buck,1931,3.96
71,The Outsiders,S.E. Hinton,1967,4.04
72,Beloved,Toni Morrison,1987,3.74
73,The Hitchhiker's Guide to the Galaxy,Douglas Adams,1979,4.19
74,All Quiet on the Western Front,Erich Maria Remarque,1928,3.89
75,A Confederacy of Dunces,John Kennedy Toole,1980,3.88
76,The Fountainhead,Ayn Rand,1943,3.84
77,The Sound and the Fury,William Faulkner,1929,3.85
78,The Joy Luck Club,Amy Tan,1989,3.88
79,Angela's Ashes,Frank McCourt,1996,4.06
80,For Whom the Bell Tolls,Ernest Hemingway,1940,3.94
81,The World According to Garp,John Irving,1978,4.06
82,A Farewell to Arms,Ernest Hemingway,1929,3.78
83,Little House on the Prairie,Laura Ingalls Wilder,1935,4.18
84,Invisible Man,Ralph Ellison,1952,3.82
85,Their Eyes Were Watching God,Zora Neale Hurston,1937,3.85
86,A Clockwork Orange,Anthony Burgess,1962,3.97
87,Where the Red Fern Grows,Wilson Rawls,1961,4.03
88,Mere Christianity,C.S. Lewis,1943,4.30
89,Waiting for Godot,Samuel Beckett,1952,3.80
90,The Red Tent,Anita Diamant,1997,4.15
91,Sophie's Choice,William Styron,1979,4.18
92,Lonesome Dove,Larry McMurtry,1985,4.46
93,Fear and Loathing in Las Vegas,Hunter S. Thompson,1971,4.08
94,The Things They Carried,Tim O'Brien,1990,4.11
95,Franny and Zooey,J.D. Salinger,1957,3.98
96,Flowers for Algernon,Daniel Keyes,1958,4.03
97,A Portrait of the Artist as a Young Man,James Joyce,1916,3.59
98,To the Lighthouse,Virginia Woolf,1927,3.75
99,Blindness,José Saramago,1995,4.05
100,Cat's Cradle,Kurt Vonnegut,1963,4.18
1,Harry Potter and the Deathly Hallows,J.K. Rowling,2007,4.59
2,The Hunger Games,Suzanne Collins,2008,4.36
3,The Kite Runner,Khaled Hosseini,2003,4.23
4,The Book Thief,Markus Zusak,2005,4.35
5,Harry Potter and the Half-Blood Prince,J.K. Rowling,2005,4.51
6,Harry Potter and the Order of the Phoenix,J.K. Rowling,2003,4.44
7,The Help,Kathryn Stockett,2009,4.45
8,A Thousand Splendid Suns,Khaled Hosseini,2007,4.32
9,Life of Pi,Yann Martel,2001,3.87
10,Catching Fire,Suzanne Collins,2009,4.30
11,The Time Traveler's Wife,Audrey Niffenegger,2003,3.94
12,The Girl with the Dragon Tattoo,Stieg Larsson,2005,4.09
13,The Fault in Our Stars,John Green,2012,4.31
14,The Da Vinci Code,Dan Brown,2003,3.76
15,The Road,Cormac McCarthy,2006,3.94
16,Water for Elephants,Sara Gruen,2006,4.06
17,The Curious Incident of the Dog in the Night-Time,Mark Haddon,2003,3.84
18,Mockingjay,Suzanne Collins,2010,4.03
19,Harry Potter Boxset,J.K. Rowling,1998,4.73
20,The Lovely Bones,Alice Sebold,2002,3.75
21,Middlesex,Jeffrey Eugenides,2002,3.96
22,Twilight,Stephenie Meyer,2005,3.56
23,Atonement,Ian McEwan,2001,3.86
24,Divergent,Veronica Roth,2011,4.28
25,Extremely Loud and Incredibly Close,Jonathan Safran Foer,2005,3.96
26,City of Bones,Cassandra Clare,2007,4.12
27,The Shadow of the Wind,Carlos Ruiz Zafón,2001,4.23
28,The Lightning Thief,Rick Riordan,2005,4.21
29,The Secret Life of Bees,Sue Monk Kidd,2001,3.99
30,My Sister's Keeper,Jodi Picoult,2004,4.05
31,The Glass Castle,Jeannette Walls,2005,4.22
32,American Gods,Neil Gaiman,2001,4.10
33,Angels & Demons,Dan Brown,2000,3.83
34,The Girl Who Played with Fire,Stieg Larsson,2006,4.21
35,Never Let Me Go,Kazuo Ishiguro,2005,3.79
36,Breaking Dawn,Stephenie Meyer,2008,3.70
37,The Host,Stephenie Meyer,2008,3.84
38,Eclipse,Stephenie Meyer,2007,3.70
39,Cloud Atlas,David Mitchell,2004,4.01
40,The Guernsey Literary and Potato Peel Pie Society,Mary Ann Shaffer,2008,4.11
41,New Moon,Stephenie Meyer,2006,3.52
42,The Girl Who Kicked the Hornet's Nest,Stieg Larsson,2007,4.19
43,"Eat, Pray, Love",Elizabeth Gilbert,2006,3.48
44,City of Glass,Cassandra Clare,2009,4.34
45,Kafka on the Shore,Haruki Murakami,2002,4.12
46,City of Ashes,Cassandra Clare,2008,4.22
47,Room,Emma Donoghue,2010,3.99
48,The Graveyard Book,Neil Gaiman,2008,4.10
49,The Elephant Tree,R.D. Ronald,2010,3.64
50,Freakonomics: A Rogue Economist Explores the Hidden Side of Everything,Steven D. Levitt,2001,3.91
51,The Corrections,Jonathan Franzen,2001,3.77
52,The Zombie Room,R.D. Ronald,2012,3.71
53,The Brief Wondrous Life of Oscar Wao,Junot Díaz,2007,3.87
54,Marley and Me: Life and Love With the World's Worst Dog,John Grogan,2005,4.10
55,Everything Is Illuminated,Jonathan Safran Foer,2001,3.89
56,Vampire Academy,Richelle Mead,2007,4.15
57,The Thirteenth Tale,Diane Setterfield,2006,3.94
58,The Other Boleyn Girl,Philippa Gregory,2001,4.03
59,The Historian,Elizabeth Kostova,2005,3.75
60,Bel Canto,Ann Patchett,2001,3.91
61,"The Devil in the White City: Murder, Magic, and Madness at the Fair that Changed America",Erik Larson,2002,3.97
62,The Namesake,Jhumpa Lahiri,2001,3.95
63,Snow Flower and the Secret Fan,Lisa See,2005,4.04
64,No Country For Old Men,Cormac McCarthy,2005,4.11
65,The Name of the Wind,Patrick Rothfuss,2007,4.55
66,Blood River: A Journey to Africa's Broken Heart,Tim Butcher,2007,4.03
67,The Art of Racing in the Rain,Garth Stein,2006,4.18
68,Oryx and Crake,Margaret Atwood,2003,3.99
69,The Complete Persepolis,Marjane Satrapi,2007,4.33
70,A Short History of Nearly Everything,Bill Bryson,2003,4.17
71,The Memory Keeper's Daughter,Kim Edwards,2005,3.63
72,The Night Circus,Erin Morgenstern,2011,4.02
73,Jonathan Strange & Mr Norrell,Susanna Clarke,2004,3.78
74,The God Delusion,Richard Dawkins,2006,3.89
75,"Lamb: The Gospel According to Biff, Christ's Childhood Pal",Christopher Moore,2002,4.27
76,Three Cups of Tea: One Man's Mission to Promote Peace ... One School at a Time,Greg Mortenson,2006,3.63
77,The Shack,Wm. Paul Young,2007,3.70
78,Sarah's Key,Tatiana de Rosnay,2006,4.13
79,Gone Girl,Gillian Flynn,2012,4.00
80,Nineteen Minutes,Jodi Picoult,2007,4.08
81,Blink: The Power of Thinking Without Thinking,Malcolm Gladwell,2001,3.86
82,The Omnivore's Dilemma: A Natural History of Four Meals,Michael Pollan,2006,4.17
83,The History of Love,Nicole Krauss,2005,3.90
84,What is the What,Dave Eggers,2006,4.15
85,The White Tiger,Aravind Adiga,2008,3.70
86,The Story of Edgar Sawtelle,David Wroblewski,2008,3.59
87,Dress Your Family in Corduroy and Denim,David Sedaris,2004,4.07
88,"Eats, Shoots & Leaves: The Zero Tolerance Approach to Punctuation",Lynne Truss,2003,3.85
89,"Unbroken: A World War II Story of Survival, Resilience, and Redemption",Laura Hillenbrand,2010,4.43
90,A Million Little Pieces,James Frey,2003,3.61
91,Empire Falls,Richard Russo,2001,3.89
92,The Year of Magical Thinking,Joan Didion,2005,3.84
93,John Adams,David McCullough,2001,4.06
94,Gilead,Marilynne Robinson,2004,3.83
95,God Is Not Great: How Religion Poisons Everything,Christopher Hitchens,2007,3.94
96,Anansi Boys,Neil Gaiman,2005,3.99
97,Unaccustomed Earth,Jhumpa Lahiri,2008,4.10
98,People of the Book,Geraldine Brooks,2008,3.99
99,"Animal, Vegetable, Miracle: A Year of Food Life",Barbara Kingsolver,2007,4.03
100,The Secret Magdalene,Ki Longfellow,2005,4.20
